{"_step":10,"_wandb":{"runtime":127},"_runtime":127.70539522,"train_loss":8.98690414428711,"_timestamp":1.7777695493335695e+09}