{"_timestamp":1.7787075800172493e+09,"_step":20000,"train_loss":1.281758427619934,"val_loss":1.332764630055049,"_wandb":{"runtime":661},"_runtime":661.400320517,"grad_norm":0.2764436602592468}