{"train_loss":1.2924853563308716,"grad_norm":0.21536493301391602,"_timestamp":1.7787089087985234e+09,"val_loss":1.339840430503405,"_runtime":661.769411006,"_wandb":{"runtime":661},"_step":20000}