{"train_loss":1.3722290992736816,"_timestamp":1.7777754715460277e+09,"_step":20000,"val_loss":1.4207690343003234,"_wandb":{"runtime":2106},"_runtime":2106.458985655}