{"_timestamp":1.7777685803590791e+09,"_step":1000,"train_loss":0.0015099463053047657,"_wandb":{"runtime":95},"_runtime":95.089417509}