{"_timestamp":1.7787055874340158e+09,"_step":20000,"val_loss":1.7007651411394376,"_wandb":{"runtime":705},"_runtime":705.490631484,"train_loss":1.6485252380371094,"grad_norm":0.7263544797897339}