{"_wandb":{"runtime":661},"_runtime":661.768952925,"_step":20000,"train_loss":1.275007963180542,"grad_norm":0.24684332311153412,"_timestamp":1.7787082445496893e+09,"val_loss":1.3271933695476155}