{"train_loss":1.3036918640136719,"grad_norm":0.2990661859512329,"_timestamp":1.7787144153732083e+09,"_step":20000,"val_loss":1.3560303145451913,"_runtime":659.169520068,"_wandb":{"runtime":659}}