{"_step":20000,"train_loss":1.4292593002319336,"_timestamp":1.7779016017007313e+09,"grad_norm":0.33428406715393066,"val_loss":1.480651944544906,"_wandb":{"runtime":2153},"_runtime":2153.279190992}