{"val_loss":1.3705280705261196,"_wandb":{"runtime":661},"_runtime":661.391630625,"train_loss":1.3146581649780273,"grad_norm":0.34618857502937317,"_timestamp":1.7787069161258142e+09,"_step":20000}