{"_timestamp":1.778713753959481e+09,"val_loss":1.3327052809696198,"_wandb":{"runtime":660},"_runtime":660.277238815,"_step":20000,"train_loss":1.2741531133651733,"grad_norm":0.27727681398391724}