{"_step":20000,"val_loss":1.3333883621749496,"_wandb":{"runtime":664},"_runtime":664.499411406,"train_loss":1.2834904193878174,"grad_norm":0.23813287913799286,"_timestamp":1.778715745544816e+09}