{"train_loss":1.283943772315979,"grad_norm":0.20594802498817444,"_timestamp":1.778717081853201e+09,"_step":20000,"val_loss":1.4570987508322761,"_wandb":{"runtime":666},"_runtime":666.262708095}