{"_wandb":{"runtime":978},"_runtime":978.125076916,"train_loss":1.9221378564834595,"_timestamp":1.7777728700103474e+09,"_step":1000,"val_loss":1.9851425343232938}