{"_timestamp":1.7779042247930536e+09,"grad_norm":0.7555460929870605,"_wandb":{"runtime":38},"_runtime":38.197039937,"_step":176,"train_loss":4.894532680511475}