{"_wandb":{"runtime":667},"_runtime":667.124692485,"train_loss":1.430888295173645,"grad_norm":0.20249201357364655,"_timestamp":1.7787102441969295e+09,"_step":20000,"val_loss":1.4832596884840887}