{"_wandb":{"runtime":7},"_runtime":7.199974669,"_step":10,"train_loss":8.98961067199707,"_timestamp":1.7777687526930873e+09}