{"_wandb":{"runtime":716},"_runtime":716.265156587,"_step":20000,"train_loss":1.2702785730361938,"grad_norm":0.2441454380750656,"_timestamp":1.7779951385831723e+09,"val_loss":1.3296662060741318}