{"_timestamp":1.778706252333443e+09,"_step":20000,"val_loss":1.47679929999377,"_wandb":{"runtime":662},"_runtime":662.343793447,"train_loss":1.4266440868377686,"grad_norm":0.5135486721992493}