{"_wandb":{"runtime":1441},"train_loss":1.2789181470870972,"grad_norm":0.244993656873703,"_timestamp":1.7779268690667613e+09,"_step":20000,"val_loss":1.3281959200859026,"_runtime":1441.08990621}