{"_timestamp":1.7787184088251672e+09,"_step":20000,"train_loss":1.3605549335479736,"grad_norm":0.23810967803001404,"val_loss":1.4074585250901213,"_wandb":{"runtime":660},"_runtime":660.576925075}