{"_runtime":2134.099437937,"_timestamp":1.7779063990792856e+09,"grad_norm":0.3529413640499115,"_step":20000,"train_loss":1.3164023160934448,"val_loss":1.3705616062862533,"_wandb":{"runtime":2134}}