{"grad_norm":0.26936662197113037,"_timestamp":1.778713090784377e+09,"_step":20000,"train_loss":1.2862757444381714,"val_loss":1.3606885730128708,"_wandb":{"runtime":684},"_runtime":684.642914992}