{"_step":10,"train_loss":8.941216468811035,"_timestamp":1.7777708951087008e+09,"_wandb":{"runtime":5},"_runtime":5.938943077}