{"grad_norm":0.24227158725261688,"_timestamp":1.7787150783471107e+09,"_step":20000,"train_loss":1.2804145812988281,"val_loss":1.3797941749522817,"_wandb":{"runtime":660},"_runtime":660.081235548}