{"_timestamp":1.7777733413751898e+09,"_step":1423,"val_loss":1.989267680981216,"_runtime":149.316203104,"_wandb":{"runtime":149},"train_loss":1.9417405128479004}