{"_step":20000,"train_loss":1.308465838432312,"grad_norm":0.1985824853181839,"_timestamp":1.7787095746593375e+09,"val_loss":1.3606336347325714,"_wandb":{"runtime":662},"_runtime":662.60767893}