{"_step":10,"train_loss":8.998401641845703,"_timestamp":1.7777686563292482e+09,"_wandb":{"runtime":8},"_runtime":8.544130132}