{"train_loss":1.286393165588379,"val_loss":1.339762683484455,"_wandb":{"runtime":2151},"_runtime":2151.731465913,"_timestamp":1.7779038469967885e+09,"grad_norm":0.29417553544044495,"_step":20000}