{"_step":10,"_wandb":{"runtime":7},"_runtime":7.330145205,"train_loss":8.96965217590332,"_timestamp":1.7777700803489356e+09}