{"_wandb":{"runtime":128},"_runtime":128.395777355,"_step":10,"train_loss":8.979527473449707,"_timestamp":1.7777697742337694e+09}