{"train_loss":1.3180794715881348,"grad_norm":0.26341789960861206,"_timestamp":1.7787164127927356e+09,"val_loss":1.3673013356534733,"_wandb":{"runtime":664},"_runtime":664.622496267,"_step":20000}