{"train_loss":8.969783782958984,"_timestamp":1.7777709588734078e+09,"_step":10,"_runtime":6.659447007,"_wandb":{"runtime":6}}