{"_timestamp":1.778717745944082e+09,"_step":20000,"train_loss":1.2866063117980957,"grad_norm":0.20998159050941467,"val_loss":1.336625463588138,"_wandb":{"runtime":661},"_runtime":661.555998905}