{"_wandb":{"runtime":122},"_runtime":122.29278638,"train_loss":8.993196487426758,"_timestamp":1.777769104226399e+09,"_step":10}