{"_step":10,"_wandb":{"runtime":6},"_runtime":6.404246328,"train_loss":8.973115921020508,"_timestamp":1.7777703123460155e+09}