{"_runtime":31.54194715,"train_loss":9.255363464355469,"_timestamp":1.7777698518351018e+09,"_step":1,"_wandb":{"runtime":31}}